file;created_at;months;delete
file2.jpg;2019-06-15 23:04:37;2;0
file4.jpg;2019-04-15 23:04:37;4;1
file0.jpg;2019-08-15 23:04:37;0;0
file4.jpg;2019-04-15 23:04:37;4;1
file3.jpg;2019-05-15 23:04:37;3;1
file1.jpg;2019-07-15 23:04:37;1;0
file4.jpg;2019-04-15 23:04:37;4;1
file4.jpg;2019-04-15 23:04:37;4;1
file1.jpg;2019-07-15 23:04:37;1;0
file2.jpg;2019-06-15 23:04:37;2;0
file2.jpg;2019-06-15 23:04:37;2;0
file1.jpg;2019-07-15 23:04:37;1;0
file2.jpg;2019-06-15 23:04:37;2;0
file4.jpg;2019-04-15 23:04:37;4;1
file3.jpg;2019-05-15 23:04:37;3;1
file4.jpg;2019-04-15 23:04:37;4;1
file1.jpg;2019-07-15 23:04:37;1;0
file0.jpg;2019-08-15 23:04:37;0;0
file3.jpg;2019-05-15 23:04:37;3;1
file3.jpg;2019-05-15 23:04:37;3;1
file4.jpg;2019-04-15 23:04:37;4;1
file4.jpg;2019-04-15 23:04:37;4;1
file3.jpg;2019-05-15 23:04:37;3;1
file2.jpg;2019-06-15 23:04:37;2;0
file2.jpg;2019-06-15 23:04:37;2;0
file3.jpg;2019-05-15 23:04:37;3;1
file3.jpg;2019-05-15 23:04:37;3;1
file3.jpg;2019-05-15 23:04:37;3;1
file0.jpg;2019-08-15 23:04:37;0;0
file0.jpg;2019-08-15 23:04:37;0;0
file0.jpg;2019-08-15 23:04:37;0;0
file2.jpg;2019-06-15 23:04:37;2;0
file2.jpg;2019-06-15 23:04:37;2;0
file1.jpg;2019-07-15 23:04:37;1;0
file2.jpg;2019-06-15 23:04:37;2;0
file1.jpg;2019-07-15 23:04:37;1;0
file3.jpg;2019-05-15 23:04:37;3;1
file4.jpg;2019-04-15 23:04:37;4;1
file3.jpg;2019-05-15 23:04:37;3;1
file3.jpg;2019-05-15 23:04:37;3;1
file1.jpg;2019-07-15 23:04:37;1;0
file3.jpg;2019-05-15 23:04:37;3;1
file0.jpg;2019-08-15 23:04:37;0;0
file2.jpg;2019-06-15 23:04:37;2;0
file0.jpg;2019-08-15 23:04:37;0;0
file0.jpg;2019-08-15 23:04:37;0;0
file4.jpg;2019-04-15 23:04:37;4;1
file1.jpg;2019-07-15 23:04:37;1;0
file2.jpg;2019-06-15 23:04:37;2;0
file4.jpg;2019-04-15 23:04:37;4;1
file2.jpg;2019-06-15 23:04:37;2;0
file2.jpg;2019-06-15 23:04:37;2;0
file0.jpg;2019-08-15 23:04:37;0;0
file1.jpg;2019-07-15 23:04:37;1;0
file3.jpg;2019-05-15 23:04:37;3;1
file1.jpg;2019-07-15 23:04:37;1;0
file2.jpg;2019-06-15 23:04:37;2;0
file4.jpg;2019-04-15 23:04:37;4;1
file0.jpg;2019-08-15 23:04:37;0;0
file0.jpg;2019-08-15 23:04:37;0;0
file4.jpg;2019-04-15 23:04:37;4;1
file0.jpg;2019-08-15 23:04:37;0;0
file2.jpg;2019-06-15 23:04:37;2;0
file1.jpg;2019-07-15 23:04:37;1;0
file1.jpg;2019-07-15 23:04:37;1;0
file1.jpg;2019-07-15 23:04:37;1;0
file4.jpg;2019-04-15 23:04:37;4;1
file4.jpg;2019-04-15 23:04:37;4;1
file0.jpg;2019-08-15 23:04:37;0;0
file4.jpg;2019-04-15 23:04:37;4;1
file1.jpg;2019-07-15 23:04:37;1;0
file3.jpg;2019-05-15 23:04:37;3;1
file2.jpg;2019-06-15 23:04:37;2;0
file0.jpg;2019-08-15 23:04:37;0;0
file0.jpg;2019-08-15 23:04:37;0;0
file3.jpg;2019-05-15 23:04:37;3;1
file1.jpg;2019-07-15 23:04:37;1;0
file1.jpg;2019-07-15 23:04:37;1;0
file0.jpg;2019-08-15 23:04:37;0;0
file2.jpg;2019-06-15 23:04:37;2;0
file3.jpg;2019-05-15 23:04:37;3;1
file2.jpg;2019-06-15 23:04:37;2;0
file4.jpg;2019-04-15 23:04:37;4;1
file3.jpg;2019-05-15 23:04:37;3;1
file1.jpg;2019-07-15 23:04:37;1;0
file0.jpg;2019-08-15 23:04:37;0;0
file4.jpg;2019-04-15 23:04:37;4;1
file3.jpg;2019-05-15 23:04:37;3;1
file4.jpg;2019-04-15 23:04:37;4;1
file0.jpg;2019-08-15 23:04:37;0;0
file2.jpg;2019-06-15 23:04:37;2;0
file0.jpg;2019-08-15 23:04:37;0;0
file2.jpg;2019-06-15 23:04:37;2;0
file4.jpg;2019-04-15 23:04:37;4;1
file0.jpg;2019-08-15 23:04:37;0;0
file0.jpg;2019-08-15 23:04:37;0;0
file3.jpg;2019-05-15 23:04:37;3;1
file3.jpg;2019-05-15 23:04:37;3;1
file2.jpg;2019-06-15 23:04:37;2;0
file4.jpg;2019-04-15 23:04:37;4;1
